,0,1,2,3,4,5,6,7,8,9,10,11,12,13,14,Targets
0,107.455,88.14899999999999,96.416,30.643999999999995,37.611999999999995,155.862,98.475,89.69699999999999,192.442,214.777,88.262,98.599,116.15999999999998,71.29,102.68599999999999,0
1,80.29499999999999,75.81099999999999,88.14899999999999,32.829,29.345000000000002,218.86399999999998,36.545,51.962999999999994,199.618,101.727,84.648,106.371,91.47399999999999,152.19799999999998,104.32199999999999,1
2,106.56899999999999,63.174,134.72899999999998,131.544,117.021,188.85399999999998,100.232,171.213,55.485,81.603,97.425,113.92599999999999,106.958,122.471,114.98599999999999,0
3,124.576,86.26299999999999,98.60099999999998,24.974999999999998,36.013999999999996,152.079,95.05499999999999,54.186,96.42299999999999,219.053,109.18100000000001,107.246,110.643,120.998,86.8,1
4,115.42299999999999,100.487,92.633,36.013999999999996,78.11,185.565,59.568,114.185,124.751,98.43799999999999,106.371,107.246,106.65899999999999,97.137,109.469,0
5,89.448,83.779,39.498,22.676,10.039,81.603,165.531,82.292,201.412,174.993,113.165,105.496,105.78399999999999,108.121,118.27999999999999,1
6,101.199,98.60099999999998,60.401999999999994,31.942999999999998,52.434,169.57799999999997,100.41299999999998,66.05099999999999,154.815,54.186,108.121,116.15999999999998,111.40400000000001,141.23199999999997,113.339,0
7,124.576,92.633,100.487,94.231,48.95,141.98899999999998,124.751,188.85399999999998,171.213,100.41299999999998,137.72,95.08800000000001,140.16099999999997,115.573,93.338,1
8,124.576,86.26299999999999,121.39099999999999,67.957,64.473,48.441,148.81799999999998,149.033,83.074,82.97099999999999,101.224,93.338,107.246,215.34799999999998,91.762,0
9,125.87499999999999,104.38399999999999,114.423,48.95,105.56899999999999,169.95,180.183,103.83399999999999,80.919,75.41499999999999,111.40400000000001,117.807,114.51299999999999,131.305,103.273,1
10,124.576,118.90700000000001,54.32,23.975,96.11699999999999,183.77100000000002,155.48999999999998,155.48999999999998,128.273,36.413,140.16099999999997,114.51299999999999,122.944,175.529,127.032,0
11,124.576,86.26299999999999,100.487,48.95,101.199,99.84299999999999,97.791,104.20599999999999,80.23499999999999,167.583,106.958,92.751,87.38699999999999,186.339,120.998,1
12,140.697,105.56899999999999,38.498,37.611999999999995,106.56899999999999,156.75300000000001,86.96099999999998,86.22399999999999,48.441,155.862,98.599,94.213,90.012,53.895,98.887,0
13,118.90700000000001,77.11,173.64,169.156,67.957,156.183,40.132999999999996,169.57799999999997,69.57300000000001,164.336,118.27999999999999,93.338,106.371,101.224,84.061,1
14,92.93199999999999,92.633,68.256,55.918,61.28799999999999,149.033,31.163,54.186,176.361,164.336,123.243,133.92000000000002,158.70600000000002,158.70600000000002,131.305,0
15,137.213,112.53699999999999,67.957,48.95,47.765,163.479,81.603,155.48999999999998,92.43299999999999,173.47199999999998,116.15999999999998,109.18100000000001,104.03399999999999,76.018,122.471,1
16,122.39099999999999,91.63299999999998,46.465999999999994,42.98199999999999,20.491,166.13,32.913,103.121,80.919,199.618,121.585,112.578,93.338,137.72,111.991,0
17,119.793,80.29499999999999,89.448,31.529999999999998,28.459,41.927,180.144,134.945,219.053,219.053,113.339,103.273,114.51299999999999,86.398,94.213,1
18,105.56899999999999,103.08499999999998,78.11,61.28799999999999,73.626,96.644,178.389,70.033,134.945,181.977,110.93100000000001,100.637,119.166,128.576,120.226,0
19,113.53699999999999,78.11,51.836,24.974999999999998,21.490999999999996,167.583,183.666,101.78099999999999,215.465,158.805,120.226,100.637,101.224,86.8,135.87699999999998,1
20,103.97099999999999,99.601,60.401999999999994,30.643999999999995,57.803999999999995,76.03,66.05099999999999,124.37899999999999,78.86699999999999,174.801,120.226,106.65899999999999,117.22,144.146,148.615,0
21,114.423,96.11699999999999,24.974999999999998,23.676,41.096,101.727,171.213,128.273,173.09999999999997,91.262,124.015,124.488,125.374,96.26199999999999,110.05599999999998,1
22,66.658,65.772,89.448,69.256,30.643999999999995,90.118,190.648,171.573,95.05499999999999,200.68899999999996,122.944,104.03399999999999,107.246,106.371,127.80399999999999,0
23,133.72899999999998,114.423,65.772,43.867999999999995,9.153,166.899,151.968,173.625,34.663,131.795,114.98599999999999,126.146,124.488,122.471,103.273,1
24,80.29499999999999,75.81099999999999,45.466,42.98199999999999,52.434,62.857,82.70199999999998,217.25900000000001,89.46799999999999,178.299,135.10500000000002,142.00400000000002,108.594,116.15999999999998,148.615,0
25,106.56899999999999,86.26299999999999,92.93199999999999,38.498,55.32,82.70199999999998,160.857,178.389,173.625,121.22899999999998,143.07500000000002,95.675,109.18100000000001,41.206,96.55,1
26,88.14899999999999,85.07799999999999,104.38399999999999,69.256,21.490999999999996,160.748,124.751,44.919,77.209,192.442,107.246,114.51299999999999,140.16099999999997,114.51299999999999,98.887,0
27,125.87499999999999,124.576,91.63299999999998,76.224,108.45500000000001,160.173,85.88,168.951,155.366,76.24499999999999,94.213,98.887,100.637,100.34899999999999,121.585,1
28,136.914,129.35899999999998,158.704,43.867999999999995,139.398,164.336,199.618,51.962999999999994,104.20599999999999,89.69699999999999,104.90899999999999,102.68599999999999,109.18100000000001,104.32199999999999,106.371,0
29,108.45500000000001,70.142,112.53699999999999,58.804,65.772,79.003,90.38099999999999,153.447,153.572,69.57300000000001,97.137,123.243,131.006,120.226,116.15999999999998,1
30,167.558,88.14899999999999,49.949999999999996,42.98199999999999,128.06,64.651,99.84299999999999,174.993,169.718,185.565,109.18100000000001,119.639,88.262,101.81099999999999,121.585,0
31,141.697,94.231,103.08499999999998,63.174,62.288,151.679,170.31900000000002,85.023,36.545,88.329,95.675,84.648,98.599,103.561,111.991,1
32,150.85,150.85,48.95,44.281,111.93900000000001,176.361,84.086,156.75300000000001,90.118,166.05599999999998,102.09899999999999,98.887,92.751,107.246,123.243,0
33,76.224,65.772,153.035,111.93900000000001,49.949999999999996,103.14899999999999,183.666,124.751,217.11399999999998,149.033,90.887,143.07500000000002,104.32199999999999,127.032,84.061,1
34,130.245,98.60099999999998,82.779,82.779,29.345000000000002,100.41299999999998,156.75300000000001,162.90599999999998,95.73899999999999,162.542,114.51299999999999,99.474,165.28499999999997,129.462,104.90899999999999,0
35,116.60799999999999,68.256,81.594,72.327,65.772,52.391999999999996,73.095,178.389,141.98899999999998,93.26799999999999,132.376,125.374,89.425,117.807,129.462,1
36,163.188,137.213,78.11,71.441,79.295,194.236,89.46799999999999,151.52200000000002,173.47199999999998,54.186,124.015,136.94799999999998,125.374,155.78099999999998,128.576,0
37,158.704,129.35899999999998,140.398,64.473,84.078,78.86699999999999,168.267,66.05099999999999,96.644,164.163,116.15999999999998,99.474,96.55,116.633,110.643,1
38,103.08499999999998,98.60099999999998,76.224,26.16,5.669,156.183,34.663,89.69699999999999,181.977,222.07599999999996,102.09899999999999,115.573,106.958,124.015,99.76199999999999,0
39,117.907,75.81099999999999,122.39099999999999,32.829,22.676,32.957,102.83699999999999,213.671,183.77100000000002,101.727,110.643,88.55,106.958,99.474,105.78399999999999,1
40,105.56899999999999,72.327,96.11699999999999,85.07799999999999,15.708,73.095,200.68899999999996,176.595,181.977,117.707,125.374,137.72,125.374,113.339,146.47299999999998,0
41,102.085,99.601,70.142,44.281,9.153,102.695,76.03,163.479,107.356,166.428,107.83299999999998,98.01199999999999,102.09899999999999,109.18100000000001,114.98599999999999,1
42,119.793,98.60099999999998,109.053,66.658,54.32,170.889,197.16699999999997,101.097,194.236,138.839,120.226,120.226,148.615,91.47399999999999,127.80399999999999,0
43,162.18799999999996,161.302,131.544,31.942999999999998,80.594,88.329,169.635,85.023,100.684,148.81799999999998,105.496,104.03399999999999,95.675,110.05599999999998,132.376,1
44,125.87499999999999,106.56899999999999,89.448,50.836,23.975,204.21099999999998,158.805,59.568,64.651,37.875,106.958,131.006,120.998,100.637,105.78399999999999,0
45,121.092,90.74699999999999,89.448,74.62599999999999,20.491,99.84299999999999,178.389,47.01,131.795,204.21099999999998,104.32199999999999,103.561,106.958,103.273,90.59899999999999,1
46,94.231,75.81099999999999,42.98199999999999,23.975,58.804,177.615,87.645,157.16,45.216,159.012,89.137,103.273,101.224,106.371,96.26199999999999,0
47,105.56899999999999,96.416,71.441,41.982,51.836,171.573,100.41299999999998,155.366,103.83399999999999,82.292,127.032,137.72,125.374,143.07500000000002,99.474,1
48,84.078,71.441,65.772,38.498,90.74699999999999,78.86699999999999,156.183,66.445,159.489,104.20599999999999,111.991,127.032,96.26199999999999,165.28499999999997,122.944,0
49,179.89600000000002,172.04199999999997,85.07799999999999,73.626,103.08499999999998,73.621,159.489,62.857,45.216,219.053,107.83299999999998,108.121,100.637,87.38699999999999,111.991,1
50,97.71499999999999,96.416,54.32,23.676,32.829,97.107,174.801,131.795,159.489,87.674,91.47399999999999,106.65899999999999,99.474,147.54399999999998,90.59899999999999,0
51,152.736,64.77199999999999,89.448,56.918,0.299,75.41499999999999,171.213,213.671,164.847,80.23499999999999,110.643,92.34899999999999,109.469,108.121,120.226,1
52,141.697,99.601,142.882,59.69,116.60799999999999,131.795,95.05499999999999,45.216,220.91299999999998,213.671,119.639,124.015,117.22,97.137,113.165,0
53,90.74699999999999,80.594,85.07799999999999,63.174,55.32,176.595,127.90099999999998,95.73899999999999,141.98899999999998,138.839,107.246,105.78399999999999,114.51299999999999,157.15099999999998,116.633,1
54,110.053,70.142,163.188,115.42299999999999,56.918,97.162,61.362,87.645,162.225,160.857,124.015,113.339,96.26199999999999,116.15999999999998,108.121,0
55,74.62599999999999,52.434,71.441,54.32,10.039,152.763,204.21099999999998,121.22899999999998,64.651,80.919,89.425,124.015,109.18100000000001,105.78399999999999,97.137,1
56,101.199,88.14899999999999,83.779,62.288,68.256,96.78999999999999,54.186,165.531,107.72800000000001,93.68699999999998,110.05599999999998,115.573,114.51299999999999,195.30599999999998,124.015,0
57,87.26299999999999,81.594,79.295,56.918,14.523,151.395,110.87799999999999,86.596,90.38099999999999,104.20599999999999,102.68599999999999,88.262,93.925,98.887,116.15999999999998,1
58,108.45500000000001,68.256,55.32,30.643999999999995,59.69,154.131,50.598,43.721000000000004,145.88299999999998,101.097,144.63,118.27999999999999,151.12699999999998,89.425,132.376,0
59,94.231,92.633,124.576,27.16,78.11,94.85,96.78999999999999,152.763,222.07599999999996,79.55199999999999,147.54399999999998,111.991,136.94799999999998,176.31199999999998,121.585,1
60,133.72899999999998,109.053,129.35899999999998,51.836,72.74000000000001,172.941,93.63999999999999,76.24499999999999,86.96099999999998,158.805,106.65899999999999,115.573,124.015,138.791,116.15999999999998,0
61,64.77199999999999,51.836,74.62599999999999,39.797000000000004,47.765,162.90599999999998,93.056,149.033,172.257,121.22899999999998,106.65899999999999,129.462,98.887,99.76199999999999,149.09900000000002,1
62,56.918,37.611999999999995,42.98199999999999,39.498,66.658,176.361,102.97899999999998,141.98899999999998,151.395,83.074,102.68599999999999,107.83299999999998,116.15999999999998,116.15999999999998,124.015,0
63,152.736,126.761,89.448,34.128,66.658,173.007,50.598,91.262,48.441,101.78099999999999,104.03399999999999,128.576,119.166,98.887,108.121,1
64,96.11699999999999,74.62599999999999,24.974999999999998,22.676,92.93199999999999,154.815,89.746,93.00299999999999,102.83699999999999,64.651,149.09900000000002,122.944,68.61099999999999,109.469,116.633,0
65,157.81799999999998,128.946,79.295,52.434,77.11,98.43799999999999,167.924,170.31900000000002,151.679,180.183,106.371,92.34899999999999,116.15999999999998,135.87699999999998,99.76199999999999,1
66,138.213,81.594,64.77199999999999,28.459,88.562,80.919,152.34,142.361,151.395,220.91299999999998,106.65899999999999,116.15999999999998,192.783,145.402,111.991,0
67,147.36599999999999,116.60799999999999,128.06,54.32,48.95,117.33499999999998,162.909,83.074,100.41299999999998,168.267,104.32199999999999,113.165,135.87699999999998,57.688,124.015,1
68,85.07799999999999,51.836,61.28799999999999,42.98199999999999,3.0709999999999997,220.91299999999998,91.065,211.877,151.395,82.97099999999999,94.8,97.137,119.166,101.81099999999999,116.633,0
69,119.793,118.90700000000001,100.487,59.69,26.16,151.968,176.361,86.96099999999998,110.66299999999998,82.97099999999999,102.09899999999999,111.40400000000001,76.306,102.68599999999999,117.22,1
70,117.021,108.45500000000001,110.053,86.26299999999999,24.974999999999998,100.232,205.0,40.132999999999996,175.677,156.183,114.51299999999999,99.76199999999999,113.339,166.35599999999997,116.633,0
71,166.67200000000003,119.793,150.85,50.836,71.441,37.875,159.012,169.57799999999997,103.83399999999999,174.993,99.474,110.05599999999998,101.224,105.78399999999999,111.40400000000001,1
72,196.30299999999997,121.092,114.423,74.62599999999999,64.77199999999999,193.64499999999998,170.889,77.209,206.79399999999998,69.57300000000001,96.26199999999999,122.944,110.93100000000001,93.338,147.54399999999998,0
73,124.87499999999999,106.56899999999999,72.327,59.69,52.434,219.053,102.83699999999999,100.232,59.568,157.437,126.146,114.98599999999999,128.576,106.65899999999999,125.374,1
74,133.72899999999998,130.245,101.199,55.918,72.327,172.257,89.746,85.88,138.839,89.69699999999999,127.032,120.226,97.137,139.09,112.578,0
75,110.939,108.45500000000001,100.487,34.128,15.708,117.33499999999998,32.913,148.81799999999998,124.751,124.751,107.246,94.213,90.887,108.594,100.637,1
76,106.56899999999999,53.434,52.434,31.529999999999998,46.465999999999994,93.63999999999999,173.625,196.03,219.053,81.603,113.165,114.51299999999999,100.637,107.83299999999998,110.05599999999998,0
77,142.882,124.87499999999999,98.60099999999998,96.11699999999999,48.95,102.83699999999999,187.359,161.541,86.96099999999998,51.962999999999994,104.90899999999999,102.09899999999999,131.006,105.496,119.639,1
78,84.078,64.77199999999999,99.601,54.32,58.804,76.24499999999999,162.909,100.31199999999998,166.13,173.47199999999998,88.55,95.08800000000001,99.474,87.675,106.371,0
79,135.914,128.06,49.949999999999996,39.797000000000004,72.327,152.34,110.87799999999999,90.38099999999999,220.84699999999998,165.531,113.92599999999999,108.594,97.425,90.59899999999999,152.19799999999998,1
80,92.93199999999999,87.26299999999999,80.594,29.345000000000002,53.434,183.666,83.65499999999999,135.317,158.121,196.03,113.92599999999999,119.166,110.643,98.887,144.146,0
81,123.277,95.11699999999999,72.74000000000001,31.529999999999998,19.192,151.778,97.791,82.292,97.162,127.90099999999998,104.32199999999999,106.958,104.03399999999999,86.8,102.09899999999999,1
82,142.882,83.779,58.804,50.836,68.256,114.185,166.13,89.746,45.216,79.55099999999999,102.68599999999999,86.8,95.08800000000001,101.224,104.90899999999999,0
83,201.569,147.36599999999999,128.06,91.63299999999998,149.25199999999998,103.121,160.173,151.679,171.213,162.225,105.496,109.469,105.496,62.655,124.488,1
84,78.11,74.62599999999999,87.26299999999999,36.013999999999996,42.98199999999999,217.11399999999998,167.583,102.97899999999998,173.007,164.847,114.98599999999999,111.40400000000001,105.496,50.504,84.061,0
85,113.53699999999999,77.11,105.56899999999999,42.98199999999999,69.256,167.583,206.79399999999998,86.96099999999998,155.499,77.209,119.639,120.998,118.27999999999999,103.273,136.94799999999998,1
86,141.697,122.39099999999999,90.74699999999999,23.975,1.185,197.16699999999997,90.118,162.534,152.763,38.339,122.944,96.26199999999999,133.92000000000002,53.895,82.78399999999999,0
87,119.793,105.56899999999999,131.544,51.836,23.975,91.065,62.857,171.213,93.63999999999999,32.913,113.165,104.90899999999999,163.54500000000002,99.474,116.633,1
88,72.327,37.611999999999995,124.87499999999999,84.078,128.06,96.644,160.173,91.065,149.033,165.531,110.05599999999998,102.09899999999999,122.471,112.578,126.146,0
89,115.42299999999999,65.772,87.26299999999999,28.459,98.60099999999998,38.339,152.079,103.83399999999999,52.391999999999996,152.079,105.78399999999999,97.425,101.224,98.599,110.93100000000001,1
90,144.768,111.93900000000001,47.765,43.867999999999995,58.804,201.412,68.239,145.51099999999997,128.273,104.20599999999999,122.944,117.807,110.643,175.529,152.19799999999998,0
91,109.053,100.487,130.245,51.836,34.128,145.51099999999997,217.11399999999998,36.545,76.03,127.90099999999998,140.16099999999997,109.469,103.273,69.01299999999999,107.83299999999998,1
92,70.142,57.803999999999995,96.416,96.416,54.32,48.804,91.749,86.596,82.97099999999999,199.618,135.87699999999998,114.51299999999999,113.92599999999999,137.72,117.807,0
93,128.06,124.87499999999999,50.836,42.98199999999999,67.957,208.289,40.132999999999996,96.78999999999999,79.003,220.84699999999998,113.165,112.578,127.80399999999999,120.226,91.762,1
94,114.423,106.56899999999999,82.779,39.498,114.423,55.980000000000004,197.16699999999997,206.79399999999998,169.635,96.644,119.166,113.339,107.83299999999998,61.481,109.18100000000001,0
95,117.907,96.416,99.601,56.918,72.327,83.65499999999999,178.389,128.273,160.857,101.78099999999999,113.92599999999999,96.55,101.81099999999999,100.637,106.958,1
96,88.14899999999999,49.949999999999996,88.562,32.829,64.77199999999999,208.289,84.086,78.86699999999999,206.79399999999998,145.88299999999998,114.51299999999999,128.576,119.166,94.8,117.807,0
97,140.697,126.761,116.60799999999999,80.594,64.77199999999999,40.132999999999996,190.648,77.209,80.797,151.395,109.469,93.338,104.90899999999999,163.54500000000002,113.165,1
98,88.562,87.26299999999999,41.096,24.974999999999998,88.562,102.46499999999999,171.573,220.91299999999998,97.107,66.445,104.03399999999999,131.006,98.887,110.643,111.40400000000001,0
99,129.35899999999998,125.87499999999999,31.942999999999998,24.974999999999998,64.473,180.183,57.774,181.977,155.862,120.85699999999999,152.19799999999998,104.03399999999999,173.789,104.32199999999999,128.576,1
100,87.26299999999999,87.26299999999999,43.867999999999995,41.982,20.491,158.121,75.41499999999999,131.423,166.899,220.91299999999998,94.213,104.32199999999999,114.98599999999999,169.83599999999998,103.273,0
101,117.907,115.42299999999999,39.498,23.975,86.26299999999999,149.033,211.255,87.645,151.778,107.72800000000001,110.93100000000001,116.15999999999998,117.22,105.78399999999999,114.98599999999999,1
102,66.658,50.836,85.07799999999999,72.74000000000001,8.153,153.572,138.839,96.42299999999999,160.857,187.188,114.98599999999999,103.273,95.675,136.94799999999998,112.578,0
103,124.576,54.32,153.035,75.81099999999999,55.918,159.489,71.827,86.96099999999998,117.707,175.677,121.585,106.371,124.488,97.137,114.51299999999999,1
104,128.06,81.594,124.576,48.95,96.11699999999999,196.03,91.262,32.957,155.862,215.465,87.38699999999999,124.488,124.488,123.243,99.76199999999999,0
105,116.60799999999999,112.53699999999999,55.918,54.32,31.942999999999998,141.98899999999998,51.962999999999994,169.635,76.24499999999999,55.485,104.03399999999999,107.83299999999998,108.594,121.585,101.224,1
106,96.11699999999999,89.448,45.466,31.942999999999998,55.918,178.299,165.531,31.163,45.216,164.336,106.958,113.339,106.371,97.137,102.09899999999999,0
107,135.914,125.87499999999999,60.401999999999994,32.829,72.74000000000001,59.568,166.215,164.336,158.954,214.777,98.599,83.773,78.469,88.55,111.991,1
108,96.416,96.11699999999999,78.11,29.345000000000002,1.185,131.795,85.023,157.437,135.317,64.651,140.16099999999997,125.374,129.462,111.40400000000001,119.166,0
109,124.87499999999999,97.71499999999999,96.416,27.459,45.466,176.361,89.01299999999999,152.079,159.012,211.255,111.991,97.425,108.594,198.427,103.273,1
110,107.455,102.085,62.288,27.459,32.829,66.445,207.733,204.21099999999998,71.827,162.90599999999998,93.925,106.65899999999999,136.94799999999998,110.05599999999998,84.648,0
111,91.63299999999998,80.594,30.643999999999995,29.345000000000002,24.974999999999998,121.22899999999998,199.618,88.329,91.749,152.34,105.78399999999999,101.81099999999999,94.213,110.643,93.338,1
112,54.32,48.95,72.327,38.498,11.636999999999999,215.465,159.489,162.909,73.095,171.213,126.146,144.63,169.352,129.462,103.273,0
113,130.245,112.53699999999999,65.772,29.345000000000002,53.434,151.537,103.83399999999999,97.162,32.913,100.232,91.47399999999999,94.213,118.27999999999999,83.072,84.648,1
114,123.277,103.97099999999999,100.487,24.974999999999998,47.765,153.572,100.684,82.28699999999999,159.012,79.55099999999999,124.488,131.305,110.93100000000001,107.83299999999998,131.006,0
115,128.946,115.42299999999999,92.633,41.096,15.708,61.362,187.359,155.48999999999998,159.489,163.479,114.51299999999999,114.98599999999999,92.751,122.471,86.8,1
116,135.914,121.092,31.529999999999998,24.974999999999998,69.256,164.336,44.919,117.33499999999998,85.023,99.84299999999999,113.92599999999999,104.32199999999999,67.323,111.991,106.958,0
117,88.14899999999999,87.26299999999999,81.594,70.142,61.28799999999999,101.78099999999999,37.875,220.91299999999998,113.81299999999999,158.121,90.887,103.561,86.398,96.26199999999999,123.243,1
118,88.562,79.295,103.08499999999998,78.11,29.345000000000002,73.621,172.257,97.107,50.598,154.131,117.22,113.165,141.23199999999997,104.90899999999999,124.015,0
119,131.544,44.281,85.07799999999999,21.490999999999996,43.867999999999995,48.441,100.31199999999998,193.64499999999998,50.598,206.79399999999998,91.47399999999999,124.488,106.371,139.09,115.573,1
120,121.39099999999999,116.60799999999999,99.601,27.16,52.434,166.428,151.968,79.55199999999999,79.003,93.68699999999998,101.81099999999999,109.18100000000001,111.991,69.6,122.471,0
121,101.199,80.29499999999999,54.32,49.949999999999996,47.765,194.236,87.674,155.48999999999998,81.603,170.889,101.224,110.93100000000001,94.213,84.936,105.78399999999999,1
122,75.81099999999999,64.77199999999999,72.74000000000001,31.942999999999998,60.401999999999994,166.899,71.827,151.679,169.718,102.695,112.578,124.015,122.471,114.51299999999999,113.92599999999999,0
123,83.779,64.473,107.455,37.611999999999995,111.93900000000001,193.64499999999998,34.663,70.033,203.20600000000002,162.909,115.573,107.83299999999998,111.991,161.033,104.32199999999999,1
124,102.085,46.465999999999994,139.398,58.804,149.25199999999998,93.00299999999999,166.899,101.78099999999999,89.746,151.679,98.01199999999999,144.146,105.496,159.66299999999998,130.234,0
125,110.939,71.441,62.288,55.918,37.611999999999995,145.51099999999997,90.118,155.862,86.96099999999998,154.815,99.76199999999999,100.637,93.925,97.425,106.65899999999999,1
126,88.14899999999999,68.256,48.95,43.867999999999995,32.829,211.255,100.684,157.16,45.216,102.695,126.146,145.402,136.94799999999998,104.32199999999999,110.05599999999998,0
127,96.11699999999999,87.26299999999999,94.231,64.77199999999999,49.949999999999996,207.733,45.216,173.47199999999998,78.86699999999999,82.70199999999998,95.675,118.27999999999999,144.63,97.425,120.226,1
128,116.60799999999999,94.231,58.804,57.803999999999995,70.142,101.727,163.479,170.31900000000002,138.839,93.26799999999999,109.469,114.51299999999999,96.26199999999999,104.90899999999999,106.371,0
129,149.551,121.39099999999999,77.11,47.765,92.633,89.746,135.317,71.827,117.33499999999998,135.317,114.51299999999999,119.639,108.121,137.72,135.87699999999998,1
130,62.288,60.401999999999994,75.81099999999999,29.345000000000002,96.11699999999999,97.791,80.919,177.615,96.78999999999999,201.412,97.425,95.08800000000001,122.944,67.035,105.496,0
131,121.092,117.907,55.32,23.676,82.779,183.77100000000002,91.262,151.52200000000002,78.86699999999999,44.919,122.944,106.371,138.791,128.576,122.471,1
132,109.053,49.949999999999996,112.53699999999999,64.473,102.085,45.216,222.64100000000002,167.583,173.09999999999997,86.22399999999999,126.146,135.87699999999998,153.75300000000001,119.639,116.633,0
133,100.487,87.26299999999999,65.772,45.466,64.473,177.615,102.97899999999998,156.183,164.163,96.42299999999999,106.958,102.09899999999999,103.273,112.578,94.213,1
134,100.487,73.626,55.918,54.32,76.224,100.684,120.85699999999999,92.43299999999999,155.366,205.0,96.26199999999999,107.83299999999998,199.797,104.32199999999999,95.675,0
135,156.22,111.93900000000001,95.11699999999999,39.498,64.473,89.69699999999999,169.635,166.13,79.003,34.751,133.92000000000002,135.10500000000002,141.23199999999997,181.30399999999997,131.006,1
136,96.416,73.626,103.97099999999999,82.779,31.942999999999998,190.648,68.239,219.053,85.59299999999999,164.163,107.246,97.425,99.76199999999999,86.8,118.27999999999999,0
137,146.366,128.06,65.772,51.836,85.07799999999999,218.86399999999998,104.20599999999999,183.77100000000002,149.033,38.339,100.637,105.78399999999999,145.402,93.925,104.90899999999999,1
138,111.93900000000001,92.633,92.93199999999999,56.918,43.867999999999995,31.163,190.648,162.542,85.88,89.746,107.246,85.811,127.032,120.226,118.27999999999999,0
139,104.38399999999999,92.633,45.466,31.529999999999998,12.636999999999999,34.751,171.213,101.78099999999999,170.31900000000002,52.391999999999996,103.561,124.488,119.639,119.166,126.146,1
140,129.35899999999998,98.60099999999998,84.078,75.81099999999999,17.007,155.48999999999998,97.162,171.213,89.46799999999999,190.123,101.224,95.08800000000001,97.425,153.269,93.925,0
141,140.697,77.11,84.078,82.779,86.26299999999999,134.945,117.707,165.531,142.361,79.003,98.599,101.224,89.137,89.137,90.59899999999999,1
142,96.416,66.658,43.867999999999995,27.16,68.256,208.289,57.774,131.795,82.70199999999998,70.033,113.92599999999999,124.015,113.92599999999999,121.585,110.05599999999998,0
143,110.939,101.199,55.32,39.498,31.529999999999998,98.475,151.679,89.746,152.34,152.079,112.578,102.09899999999999,107.83299999999998,103.561,119.166,1
144,117.907,100.487,107.455,36.013999999999996,108.45500000000001,73.095,89.46799999999999,211.877,37.875,211.877,93.925,98.01199999999999,95.675,186.70899999999997,127.80399999999999,0
145,157.81799999999998,121.092,103.97099999999999,35.013999999999996,146.366,171.213,199.618,165.531,79.003,79.003,131.305,124.488,120.998,174.57199999999997,131.006,1
146,155.22,119.793,101.199,37.611999999999995,80.594,138.839,81.603,193.64499999999998,151.52200000000002,120.85699999999999,110.643,130.234,129.462,64.45899999999999,113.165,0
147,86.26299999999999,80.594,62.288,39.797000000000004,47.352,210.083,201.412,79.17999999999999,62.857,47.01,122.471,103.273,116.15999999999998,186.339,109.469,1
148,121.092,64.473,148.25199999999998,88.562,76.224,134.945,145.88299999999998,158.805,59.568,102.83699999999999,106.65899999999999,114.51299999999999,106.371,105.78399999999999,121.585,0
149,78.11,66.658,153.035,87.26299999999999,103.08499999999998,217.11399999999998,93.00299999999999,173.625,214.777,102.97899999999998,119.639,108.594,137.72,107.246,118.27999999999999,1
150,86.26299999999999,84.078,67.957,64.77199999999999,0.0,164.847,176.62199999999999,85.88,174.993,62.857,108.121,93.338,142.00400000000002,94.213,103.561,0
151,76.224,73.626,37.611999999999995,34.128,23.676,176.595,138.839,93.68699999999998,183.77100000000002,171.213,153.75300000000001,113.165,122.944,140.16099999999997,110.643,1
152,118.90700000000001,111.93900000000001,123.277,45.466,35.013999999999996,199.618,85.88,54.186,156.75300000000001,159.012,98.887,93.338,85.523,135.10500000000002,90.887,0
153,117.021,88.562,32.829,23.676,51.836,142.361,48.804,199.618,157.437,220.84699999999998,117.22,102.09899999999999,106.65899999999999,101.81099999999999,122.944,1
154,112.53699999999999,94.231,140.697,47.352,53.434,103.14899999999999,82.97099999999999,155.366,220.84699999999998,100.684,113.165,118.27999999999999,116.15999999999998,107.83299999999998,103.273,0
155,121.092,100.487,96.416,38.498,1.185,183.666,54.186,178.299,154.815,96.42299999999999,142.00400000000002,131.305,121.585,157.15099999999998,110.93100000000001,1
156,111.93900000000001,59.69,82.779,78.11,41.982,138.46699999999998,178.299,183.77100000000002,159.012,68.239,99.76199999999999,126.146,109.469,107.83299999999998,118.27999999999999,0
157,161.302,88.14899999999999,80.29499999999999,41.096,69.256,180.183,101.727,171.573,107.356,43.721000000000004,110.05599999999998,118.27999999999999,111.991,165.28499999999997,138.791,1
158,128.06,101.199,86.26299999999999,23.676,72.327,100.41299999999998,164.163,78.86699999999999,99.84299999999999,121.22899999999998,103.273,116.15999999999998,102.09899999999999,89.137,105.78399999999999,0
159,141.697,104.38399999999999,73.626,39.797000000000004,84.078,76.03,183.77100000000002,176.361,159.012,78.86699999999999,114.98599999999999,106.371,97.137,127.032,110.643,1
160,118.90700000000001,96.11699999999999,125.87499999999999,109.053,68.256,148.81799999999998,47.01,210.083,54.186,162.534,114.98599999999999,131.305,84.936,59.67699999999999,95.675,0
161,153.035,83.779,65.772,63.174,168.55800000000002,68.239,192.442,120.85699999999999,88.329,151.537,97.137,114.51299999999999,61.079,114.51299999999999,116.15999999999998,1
162,75.81099999999999,58.804,31.529999999999998,23.676,50.836,164.847,199.618,180.144,164.336,61.362,99.76199999999999,104.32199999999999,108.594,147.54399999999998,95.675,0
163,124.87499999999999,112.53699999999999,74.62599999999999,55.918,53.434,55.485,166.13,102.83699999999999,176.361,211.877,91.47399999999999,110.05599999999998,80.91999999999999,143.07500000000002,112.578,1
164,122.39099999999999,115.42299999999999,61.28799999999999,24.974999999999998,3.0709999999999997,38.339,211.877,85.59299999999999,180.183,59.568,117.22,90.887,137.72,121.585,106.958,0
165,115.42299999999999,92.633,106.56899999999999,23.676,17.007,187.188,154.131,73.621,50.598,164.163,150.05599999999998,114.98599999999999,94.8,137.72,100.637,1
166,128.06,102.085,46.465999999999994,38.498,4.669,95.05499999999999,176.595,94.371,117.707,199.618,130.234,120.226,111.40400000000001,103.561,111.40400000000001,0
167,94.231,74.62599999999999,47.765,35.013999999999996,21.490999999999996,222.64100000000002,85.88,156.183,84.086,172.941,106.65899999999999,95.08800000000001,106.65899999999999,104.90899999999999,118.27999999999999,1
168,65.772,62.288,69.256,47.352,113.53699999999999,171.213,89.01299999999999,102.97899999999998,79.17999999999999,170.31900000000002,152.19799999999998,114.51299999999999,158.70600000000002,103.561,99.76199999999999,0
169,175.526,166.67200000000003,41.982,34.128,39.797000000000004,90.118,110.87799999999999,47.01,176.361,82.28699999999999,113.92599999999999,131.305,113.92599999999999,120.998,112.578,1
170,108.45500000000001,101.199,91.63299999999998,70.142,72.327,110.66299999999998,210.083,193.64499999999998,51.962999999999994,66.445,99.76199999999999,98.01199999999999,108.594,95.675,93.338,0
171,121.39099999999999,92.633,88.562,86.26299999999999,91.63299999999998,89.746,117.707,89.69699999999999,171.213,164.847,114.51299999999999,101.81099999999999,106.958,161.033,84.936,1
172,64.473,54.32,47.352,28.459,19.192,185.565,204.21099999999998,88.329,162.225,95.05499999999999,109.18100000000001,135.87699999999998,169.352,168.096,117.807,0
173,111.93900000000001,110.053,80.594,47.765,49.949999999999996,79.17999999999999,93.056,178.299,68.239,145.88299999999998,107.83299999999998,89.425,117.22,97.137,107.246,1
174,152.736,98.60099999999998,56.918,22.676,113.53699999999999,102.695,153.447,96.42299999999999,114.185,188.85399999999998,107.246,95.675,97.425,165.28499999999997,107.83299999999998,0
175,102.085,98.60099999999998,86.26299999999999,24.974999999999998,28.459,161.541,82.70199999999998,97.107,155.862,34.751,95.675,89.425,90.887,107.83299999999998,101.81099999999999,1
176,140.398,136.914,96.416,92.633,54.32,96.644,158.121,176.62199999999999,93.68699999999998,178.299,110.93100000000001,106.371,114.98599999999999,122.471,112.578,0
177,150.85,72.74000000000001,101.199,64.77199999999999,0.299,214.777,159.384,66.05099999999999,169.95,70.033,88.55,102.68599999999999,113.339,86.8,109.469,1
178,91.63299999999998,88.14899999999999,121.092,31.942999999999998,72.327,110.66299999999998,162.225,113.81299999999999,96.42299999999999,59.568,96.26199999999999,87.38699999999999,92.34899999999999,89.137,103.561,0
179,131.544,83.779,105.56899999999999,35.013999999999996,35.013999999999996,166.899,81.603,89.46799999999999,173.09999999999997,73.095,109.18100000000001,108.121,105.78399999999999,113.339,107.83299999999998,1
180,96.11699999999999,92.633,121.39099999999999,39.797000000000004,66.658,110.66299999999998,210.083,34.663,151.778,79.55099999999999,97.425,133.148,96.26199999999999,91.47399999999999,126.146,0
181,101.199,98.60099999999998,72.327,28.459,24.974999999999998,138.46699999999998,62.528999999999996,86.96099999999998,151.395,145.88299999999998,133.92000000000002,111.991,111.991,123.243,94.213,1
182,103.97099999999999,73.626,96.416,61.28799999999999,95.11699999999999,83.65499999999999,170.889,151.537,220.84699999999998,62.857,95.08800000000001,102.09899999999999,108.594,120.226,89.137,0
183,121.39099999999999,82.779,60.401999999999994,53.434,85.07799999999999,80.797,197.824,174.993,94.371,157.16,84.936,88.55,71.29,76.306,112.578,1
184,147.36599999999999,115.42299999999999,79.295,51.836,18.006999999999998,95.05499999999999,158.121,82.70199999999998,187.188,66.05099999999999,106.65899999999999,142.00400000000002,107.83299999999998,140.16099999999997,144.63,0
185,172.04199999999997,168.55800000000002,139.398,84.078,35.013999999999996,154.131,95.73899999999999,151.537,176.595,44.919,132.376,116.15999999999998,116.15999999999998,127.80399999999999,100.34899999999999,1
186,119.793,88.14899999999999,118.90700000000001,77.11,95.11699999999999,103.14899999999999,79.17999999999999,181.977,89.46799999999999,151.395,102.68599999999999,113.165,114.51299999999999,110.05599999999998,107.246,0
187,96.11699999999999,83.779,71.441,43.867999999999995,89.448,169.635,91.749,79.003,131.795,103.83399999999999,115.573,101.81099999999999,104.90899999999999,113.165,113.339,1
188,113.53699999999999,81.594,104.38399999999999,31.529999999999998,62.288,95.73899999999999,54.186,173.625,213.671,188.85399999999998,99.76199999999999,100.34899999999999,109.18100000000001,86.8,111.40400000000001,0
189,103.97099999999999,99.601,71.441,71.441,103.08499999999998,84.086,158.121,149.033,32.913,211.255,104.32199999999999,109.469,90.887,61.481,103.273,1
190,162.18799999999996,110.939,112.53699999999999,46.465999999999994,71.441,194.236,102.97899999999998,151.778,32.913,70.033,113.339,102.68599999999999,114.51299999999999,108.594,114.51299999999999,0
191,123.277,82.779,31.529999999999998,29.345000000000002,31.942999999999998,157.16,173.007,138.839,161.541,84.086,110.93100000000001,99.474,99.76199999999999,94.213,95.08800000000001,1
192,141.697,138.213,81.594,44.281,69.256,180.183,36.413,166.215,32.913,100.41299999999998,106.65899999999999,106.65899999999999,106.958,175.529,116.15999999999998,0
193,137.213,60.401999999999994,88.14899999999999,22.676,76.224,95.73899999999999,196.03,73.621,89.01299999999999,154.131,101.81099999999999,113.165,96.26199999999999,79.458,89.425,1
194,140.697,77.11,50.836,34.128,43.867999999999995,166.13,77.209,87.674,170.31900000000002,84.33899999999998,109.18100000000001,105.496,115.573,104.03399999999999,129.462,0
195,94.231,87.26299999999999,67.957,47.352,32.829,141.98899999999998,205.0,41.397,102.695,86.596,122.471,116.633,138.791,51.906,116.15999999999998,1
196,143.882,80.594,182.38,111.93900000000001,60.401999999999994,88.329,114.185,162.542,62.857,41.397,117.807,112.578,120.998,132.376,135.10500000000002,0
197,111.93900000000001,74.62599999999999,112.53699999999999,64.473,92.633,79.17999999999999,121.22899999999998,152.079,183.666,31.163,96.26199999999999,114.51299999999999,110.05599999999998,124.015,121.585,1
198,96.11699999999999,72.74000000000001,76.224,26.16,50.836,135.317,173.09999999999997,89.746,75.41499999999999,199.618,99.76199999999999,109.469,113.165,116.633,108.594,0
199,178.01,157.81799999999998,88.14899999999999,48.95,119.793,82.70199999999998,157.16,203.20600000000002,61.362,90.118,104.32199999999999,110.05599999999998,115.573,49.102000000000004,107.83299999999998,1
200,87.26299999999999,83.779,77.11,27.16,24.974999999999998,151.778,102.83699999999999,117.33499999999998,190.123,37.875,146.47299999999998,135.87699999999998,135.10500000000002,140.16099999999997,127.80399999999999,0
201,185.65699999999998,144.768,55.32,52.434,15.708,158.954,103.121,90.118,82.292,62.528999999999996,120.226,97.425,83.773,69.01299999999999,116.15999999999998,1
202,183.66799999999998,170.15599999999998,54.32,32.829,64.473,151.395,89.01299999999999,205.0,82.28699999999999,32.913,111.40400000000001,106.958,116.15999999999998,85.811,96.26199999999999,0
203,117.907,107.455,48.95,35.013999999999996,130.245,142.361,159.012,131.795,215.465,101.78099999999999,112.578,135.87699999999998,104.32199999999999,133.92000000000002,93.338,1
204,88.562,81.594,85.07799999999999,61.28799999999999,77.11,148.81799999999998,38.339,174.309,213.671,98.43799999999999,106.65899999999999,114.51299999999999,117.22,78.469,120.998,0
205,119.793,91.63299999999998,98.60099999999998,71.441,57.803999999999995,113.81299999999999,32.913,176.99399999999997,59.007,208.289,81.90899999999999,85.811,98.887,101.81099999999999,99.474,1
206,89.448,64.473,98.60099999999998,39.498,31.942999999999998,79.003,128.273,192.442,134.945,154.131,110.93100000000001,104.32199999999999,109.469,116.633,107.246,0
207,112.53699999999999,88.562,104.38399999999999,47.352,41.096,103.121,176.361,151.537,174.309,152.763,105.78399999999999,137.72,128.576,118.27999999999999,113.92599999999999,1
208,108.45500000000001,91.63299999999998,52.434,36.313,79.295,152.763,176.99399999999997,89.746,47.01,101.78099999999999,114.98599999999999,137.72,155.78099999999998,115.573,116.633,0
209,149.551,101.199,95.11699999999999,94.231,72.74000000000001,170.31900000000002,188.85399999999998,92.43299999999999,98.43799999999999,89.746,103.273,97.425,90.012,94.213,96.26199999999999,1
210,85.07799999999999,69.256,41.096,38.498,50.836,107.356,59.007,100.41299999999998,162.225,48.441,102.09899999999999,103.561,117.807,80.333,117.22,0
211,101.199,96.416,124.87499999999999,45.466,98.60099999999998,100.684,201.412,163.479,102.695,80.919,92.34899999999999,104.90899999999999,86.8,109.469,107.246,1
212,116.60799999999999,79.295,68.256,23.676,45.466,89.46799999999999,211.877,155.48999999999998,121.22899999999998,41.397,144.63,110.643,128.576,89.425,108.594,0
213,132.84300000000002,111.93900000000001,125.87499999999999,96.416,68.256,79.003,114.185,151.778,192.442,100.41299999999998,102.09899999999999,107.83299999999998,94.8,90.59899999999999,98.887,1
214,140.398,82.779,58.804,36.313,57.803999999999995,73.095,145.51099999999997,171.573,190.648,82.97099999999999,141.23199999999997,117.807,112.578,131.305,132.376,0
215,157.81799999999998,128.946,74.62599999999999,59.69,56.918,103.83399999999999,178.299,151.52200000000002,41.397,176.62199999999999,102.68599999999999,95.675,88.55,95.675,118.27999999999999,1
216,80.29499999999999,60.401999999999994,48.95,41.982,43.867999999999995,171.213,180.144,114.185,114.185,79.003,98.887,98.887,105.496,85.523,84.936,0
217,128.06,116.60799999999999,52.434,32.829,64.473,45.216,205.0,183.666,205.0,97.162,101.81099999999999,95.08800000000001,108.594,113.165,107.83299999999998,1
218,112.53699999999999,94.231,92.633,65.772,39.498,169.635,99.15899999999999,148.81799999999998,93.00299999999999,187.188,96.26199999999999,116.15999999999998,91.762,174.57199999999997,106.958,0
219,145.181,80.29499999999999,44.281,24.974999999999998,65.772,134.945,174.993,98.43799999999999,159.012,36.545,139.09,115.573,152.19799999999998,105.78399999999999,117.807,1
220,89.448,70.142,49.949999999999996,36.013999999999996,70.142,79.55099999999999,101.727,93.056,201.412,107.72800000000001,95.675,107.246,114.98599999999999,105.78399999999999,100.637,0
221,146.366,119.793,137.213,54.32,10.039,152.34,48.441,151.968,176.62199999999999,155.48999999999998,98.599,105.78399999999999,93.338,99.474,121.585,1
222,97.71499999999999,92.93199999999999,66.658,47.765,106.56899999999999,149.033,206.79399999999998,89.46799999999999,66.445,100.684,111.991,107.246,118.27999999999999,133.148,124.015,0
223,92.633,77.11,84.078,53.434,32.829,176.99399999999997,92.43299999999999,55.485,94.85,213.671,95.08800000000001,92.34899999999999,97.425,110.643,106.371,1
224,111.93900000000001,83.779,76.224,76.224,91.63299999999998,217.25900000000001,62.857,48.441,36.545,89.69699999999999,113.339,105.496,90.887,99.474,109.18100000000001,0
225,110.939,30.643999999999995,81.594,50.836,24.974999999999998,170.889,222.07599999999996,88.329,83.65499999999999,131.423,151.12699999999998,107.246,109.18100000000001,123.243,116.633,1
226,80.594,80.29499999999999,91.63299999999998,43.867999999999995,63.174,168.267,34.751,201.412,169.57799999999997,73.621,122.944,120.226,90.012,135.87699999999998,114.98599999999999,0
227,129.35899999999998,124.576,91.63299999999998,38.498,66.658,192.442,131.423,121.22899999999998,155.48999999999998,94.85,95.08800000000001,88.55,82.78399999999999,144.63,105.496,1
228,131.544,121.092,92.633,84.078,107.455,166.899,101.727,41.397,91.262,207.733,116.15999999999998,107.83299999999998,110.05599999999998,115.573,113.92599999999999,0
229,76.224,62.288,64.473,37.611999999999995,53.434,43.721000000000004,166.13,117.707,171.213,173.09999999999997,114.98599999999999,131.006,94.213,91.762,127.032,1
230,128.946,112.53699999999999,64.473,46.465999999999994,108.45500000000001,82.97099999999999,68.239,48.441,159.384,160.857,113.339,109.18100000000001,102.68599999999999,162.474,119.166,0
231,130.245,124.576,67.957,32.829,3.783,164.163,82.28699999999999,177.615,62.857,66.05099999999999,109.18100000000001,114.51299999999999,96.26199999999999,113.339,99.76199999999999,1
232,172.04199999999997,144.768,29.345000000000002,23.975,100.487,97.107,170.889,162.534,213.671,164.847,104.03399999999999,109.18100000000001,122.471,154.82399999999998,120.998,0
233,116.60799999999999,105.56899999999999,68.256,41.982,72.74000000000001,55.485,101.727,197.16699999999997,70.033,213.671,100.637,124.488,114.98599999999999,182.674,83.773,1
234,74.62599999999999,48.95,68.256,66.658,102.085,79.003,169.718,34.663,69.57300000000001,183.666,108.121,114.51299999999999,108.594,122.471,106.371,0
235,104.38399999999999,79.295,96.11699999999999,82.779,57.803999999999995,215.465,62.528999999999996,155.48999999999998,59.568,31.163,99.76199999999999,101.81099999999999,103.561,133.92000000000002,86.8,1
236,81.594,72.74000000000001,85.07799999999999,83.779,77.11,178.389,32.957,94.85,48.804,208.289,120.226,117.807,79.458,100.637,108.121,0
237,119.793,111.93900000000001,67.957,61.28799999999999,92.633,91.749,151.395,84.086,187.359,169.95,103.561,103.561,116.15999999999998,108.121,105.78399999999999,1
238,72.327,62.288,63.174,62.288,43.867999999999995,70.033,96.78999999999999,142.361,158.954,192.442,118.27999999999999,117.807,139.09,125.374,148.615,0
239,133.72899999999998,88.562,36.313,23.676,12.636999999999999,220.91299999999998,160.857,73.621,187.359,101.727,128.576,113.165,110.05599999999998,81.90899999999999,152.19799999999998,1
240,81.594,79.295,92.633,32.829,51.836,82.70199999999998,178.389,169.95,51.962999999999994,162.225,90.887,93.925,154.82399999999998,103.561,91.47399999999999,0
241,128.946,99.601,155.22,64.77199999999999,76.224,102.97899999999998,48.804,158.954,163.479,68.239,113.165,104.90899999999999,133.148,113.92599999999999,115.573,1
242,133.72899999999998,116.60799999999999,104.38399999999999,60.401999999999994,134.72899999999998,117.707,55.485,91.065,41.927,196.03,100.34899999999999,105.78399999999999,93.925,99.76199999999999,113.339,0
243,178.896,168.55800000000002,102.085,27.459,3.0709999999999997,215.465,44.919,77.209,84.086,168.951,98.887,113.92599999999999,106.65899999999999,83.773,91.762,1
244,114.423,114.423,62.288,48.95,27.16,207.733,162.90599999999998,98.43799999999999,44.919,40.132999999999996,108.594,98.599,106.958,182.674,98.887,0
245,138.213,110.939,130.245,95.11699999999999,104.38399999999999,211.255,194.236,43.721000000000004,193.64499999999998,32.913,123.243,106.65899999999999,106.65899999999999,112.578,145.402,1
246,131.544,92.633,108.45500000000001,72.74000000000001,102.085,164.336,163.479,32.957,107.72800000000001,97.107,121.585,120.226,97.137,124.015,138.791,0
247,189.635,158.704,125.87499999999999,103.08499999999998,23.676,80.919,178.299,171.573,85.59299999999999,103.121,96.55,95.08800000000001,135.87699999999998,90.012,113.339,1
248,100.487,97.71499999999999,88.562,74.62599999999999,13.523,86.27699999999999,134.945,79.55199999999999,45.216,41.927,118.27999999999999,116.15999999999998,94.8,104.03399999999999,139.09,0
249,170.15599999999998,143.882,53.434,34.128,11.636999999999999,164.847,89.01299999999999,180.144,36.413,214.777,138.791,124.015,117.22,122.944,138.791,1
250,81.594,37.611999999999995,66.658,50.836,56.918,183.666,102.97899999999998,62.528999999999996,131.795,152.763,109.469,147.54399999999998,114.98599999999999,94.213,109.18100000000001,0
251,159.70399999999998,117.021,68.256,54.32,123.277,175.677,101.727,87.645,89.746,183.666,109.469,108.121,101.81099999999999,116.633,111.991,1
252,104.38399999999999,67.957,43.867999999999995,39.797000000000004,60.401999999999994,38.339,134.945,199.618,102.83699999999999,151.537,119.639,151.12699999999998,124.015,117.807,102.68599999999999,0
253,133.72899999999998,104.38399999999999,34.128,31.942999999999998,115.42299999999999,151.968,151.778,83.65499999999999,55.485,61.362,104.03399999999999,108.594,116.633,141.23199999999997,113.339,1
254,107.455,92.633,91.63299999999998,88.14899999999999,1.185,134.945,164.163,34.751,43.721000000000004,168.951,94.8,140.16099999999997,107.246,119.166,109.469,0
255,110.053,94.231,94.231,60.401999999999994,26.16,82.292,171.213,57.774,152.763,173.625,84.648,98.599,126.146,157.635,110.93100000000001,1
256,140.398,65.772,104.38399999999999,81.594,92.93199999999999,93.056,90.38099999999999,168.951,158.121,155.366,103.273,111.40400000000001,105.78399999999999,113.92599999999999,103.273,0
257,80.594,66.658,123.277,71.441,21.490999999999996,117.33499999999998,214.777,44.919,173.09999999999997,100.684,87.675,130.234,114.51299999999999,56.285999999999994,99.76199999999999,1
258,100.487,87.26299999999999,98.60099999999998,32.829,71.441,98.475,62.857,54.186,169.95,197.824,113.92599999999999,120.998,142.00400000000002,124.015,111.40400000000001,0
259,103.97099999999999,76.224,53.434,48.95,84.078,98.475,107.72800000000001,219.053,176.62199999999999,162.225,107.83299999999998,107.246,140.16099999999997,91.47399999999999,105.78399999999999,1
260,102.085,41.982,92.93199999999999,57.803999999999995,57.803999999999995,107.356,156.183,103.121,44.919,160.173,108.121,127.032,104.32199999999999,82.197,107.246,0
261,104.38399999999999,84.078,50.836,39.498,51.836,71.827,160.173,167.924,81.603,151.679,113.339,131.006,117.807,110.643,106.65899999999999,1
262,82.779,52.434,82.779,35.013999999999996,56.918,89.746,188.85399999999998,97.162,55.980000000000004,90.38099999999999,85.811,84.936,84.936,110.05599999999998,93.925,0
263,89.448,75.81099999999999,76.224,41.096,74.62599999999999,32.957,124.37899999999999,154.131,215.465,174.309,127.032,120.226,110.643,97.137,113.92599999999999,1
264,122.39099999999999,117.021,113.53699999999999,113.53699999999999,44.281,110.66299999999998,180.183,77.209,200.68899999999996,174.993,98.599,99.76199999999999,82.197,109.469,92.751,0
265,124.87499999999999,114.423,128.06,69.256,106.56899999999999,62.857,152.079,151.968,107.356,162.225,101.224,127.80399999999999,122.944,113.339,141.23199999999997,1
266,115.42299999999999,94.231,73.626,36.013999999999996,70.142,167.583,96.42299999999999,138.839,85.023,177.615,127.032,116.633,70.301,67.035,152.19799999999998,0
267,138.213,58.804,115.42299999999999,27.459,83.779,211.877,90.38099999999999,98.475,61.362,62.528999999999996,91.47399999999999,85.523,99.76199999999999,151.12699999999998,92.751,1
268,102.085,88.14899999999999,84.078,76.224,9.153,66.05099999999999,93.00299999999999,36.545,102.97899999999998,155.366,104.90899999999999,139.09,143.07500000000002,122.471,98.01199999999999,0
269,161.302,91.63299999999998,134.72899999999998,45.466,56.918,169.57799999999997,142.361,41.397,171.213,34.663,114.98599999999999,114.51299999999999,119.639,86.8,101.224,1
270,88.562,62.288,31.529999999999998,31.529999999999998,56.918,73.621,98.43799999999999,181.977,176.361,151.395,127.032,154.82399999999998,67.035,111.991,118.27999999999999,0
271,126.761,102.085,116.60799999999999,97.71499999999999,31.942999999999998,166.428,66.445,200.68899999999996,166.428,169.57799999999997,98.01199999999999,92.34899999999999,85.523,87.38699999999999,112.578,1
272,139.398,96.11699999999999,77.11,23.676,77.11,55.980000000000004,145.88299999999998,220.91299999999998,98.43799999999999,217.11399999999998,110.05599999999998,124.015,122.471,114.98599999999999,90.887,0
273,107.455,95.11699999999999,74.62599999999999,39.797000000000004,68.256,211.255,166.215,64.651,89.746,101.097,87.38699999999999,99.76199999999999,108.594,106.958,111.991,1
274,117.021,106.56899999999999,57.803999999999995,57.803999999999995,41.982,217.25900000000001,34.751,170.889,101.727,36.545,114.51299999999999,120.998,128.576,107.83299999999998,101.224,0
275,161.302,122.39099999999999,87.26299999999999,52.434,78.11,128.273,79.55099999999999,120.85699999999999,166.428,176.62199999999999,110.05599999999998,138.791,97.137,98.599,130.234,1
276,133.72899999999998,105.56899999999999,76.224,26.16,89.448,84.33899999999998,69.57300000000001,153.447,153.572,166.215,111.40400000000001,105.78399999999999,101.81099999999999,147.54399999999998,110.643,0
277,76.224,64.473,66.658,31.529999999999998,5.669,183.77100000000002,76.24499999999999,86.596,70.033,34.663,142.00400000000002,91.762,97.425,200.57999999999998,88.55,1
278,168.55800000000002,89.448,74.62599999999999,66.658,54.32,203.20600000000002,166.05599999999998,59.568,197.16699999999997,100.684,89.137,88.262,100.637,106.958,96.55,0
279,112.53699999999999,99.601,78.11,35.013999999999996,51.836,181.977,89.01299999999999,85.88,168.951,66.05099999999999,110.643,100.34899999999999,129.462,135.10500000000002,96.55,1
280,129.35899999999998,107.455,100.487,34.128,27.459,177.615,127.90099999999998,145.51099999999997,101.727,66.445,99.474,108.594,118.27999999999999,116.15999999999998,99.76199999999999,0
281,101.199,59.69,105.56899999999999,39.797000000000004,34.128,160.857,153.572,166.428,96.78999999999999,82.97099999999999,125.374,116.633,113.92599999999999,84.936,110.643,1
282,88.562,80.29499999999999,62.288,32.829,98.60099999999998,154.131,120.85699999999999,80.23499999999999,159.489,62.857,84.061,82.78399999999999,93.338,95.08800000000001,97.425,0
283,96.11699999999999,94.231,109.053,58.804,55.32,93.056,156.75300000000001,219.053,86.596,86.27699999999999,127.032,116.15999999999998,113.92599999999999,111.40400000000001,114.51299999999999,1
284,104.38399999999999,88.562,114.423,86.26299999999999,69.256,180.144,114.185,66.445,32.957,162.542,87.675,92.751,90.887,86.8,90.887,0
285,135.914,84.078,113.53699999999999,71.441,83.779,36.545,219.053,87.645,32.913,181.977,103.561,105.496,90.887,113.165,99.474,1
286,61.28799999999999,57.803999999999995,46.465999999999994,34.128,42.98199999999999,91.749,176.361,102.46499999999999,77.209,152.763,92.34899999999999,92.751,106.65899999999999,133.92000000000002,105.496,0
287,173.64,133.72899999999998,116.60799999999999,110.939,80.594,138.46699999999998,166.428,54.186,152.763,48.441,128.576,114.51299999999999,110.93100000000001,115.573,114.51299999999999,1
288,69.256,59.69,84.078,28.459,44.281,152.079,103.121,110.66299999999998,97.791,169.718,95.675,92.751,98.599,84.061,109.18100000000001,0
289,108.45500000000001,101.199,74.62599999999999,24.974999999999998,14.523,173.007,110.66299999999998,82.70199999999998,85.59299999999999,32.913,107.83299999999998,104.90899999999999,108.121,137.72,96.26199999999999,1
290,80.594,74.62599999999999,67.957,41.982,56.918,152.079,181.977,79.17999999999999,96.42299999999999,76.03,104.32199999999999,108.121,116.633,94.8,119.166,0
291,85.07799999999999,69.256,69.256,62.288,35.013999999999996,135.317,78.86699999999999,62.857,180.183,156.183,94.213,106.958,150.05599999999998,104.90899999999999,109.18100000000001,1
292,128.06,106.56899999999999,44.281,30.643999999999995,97.71499999999999,154.131,102.83699999999999,73.095,69.57300000000001,84.33899999999998,97.137,91.47399999999999,110.643,51.205,107.246,0
293,118.90700000000001,91.63299999999998,60.401999999999994,23.975,22.676,55.980000000000004,96.78999999999999,97.791,160.857,148.81799999999998,126.146,117.22,113.92599999999999,122.944,124.015,1
294,140.398,119.793,89.448,36.313,80.29499999999999,187.188,80.797,194.236,170.31900000000002,162.90599999999998,113.165,119.639,112.578,199.797,113.92599999999999,0
295,110.939,108.45500000000001,92.93199999999999,41.096,51.836,197.16699999999997,117.33499999999998,41.397,34.751,177.615,96.55,105.496,107.83299999999998,131.006,99.474,1
296,103.08499999999998,74.62599999999999,50.836,27.459,99.601,135.317,166.05599999999998,77.209,89.746,89.746,107.246,98.599,102.68599999999999,82.197,110.93100000000001,0
297,122.39099999999999,97.71499999999999,108.45500000000001,82.779,91.63299999999998,124.751,217.11399999999998,97.162,166.05599999999998,91.749,111.40400000000001,84.648,120.226,110.643,103.273,1
298,71.441,67.957,155.22,49.949999999999996,106.56899999999999,41.927,94.371,222.64100000000002,80.797,110.66299999999998,107.83299999999998,83.773,136.94799999999998,151.12699999999998,101.224,0
299,84.078,82.779,104.38399999999999,91.63299999999998,27.16,178.299,162.542,141.98899999999998,104.20599999999999,75.41499999999999,108.594,109.469,116.15999999999998,106.958,110.643,1
300,147.36599999999999,96.11699999999999,79.295,46.465999999999994,26.16,62.857,181.977,102.695,44.919,206.79399999999998,93.338,105.78399999999999,98.599,101.224,133.92000000000002,0
301,115.42299999999999,64.77199999999999,62.288,55.32,52.434,185.565,103.14899999999999,168.951,43.721000000000004,89.46799999999999,114.51299999999999,97.425,91.47399999999999,84.648,126.146,1
302,74.62599999999999,71.441,69.256,61.28799999999999,68.256,44.919,164.163,79.55099999999999,190.123,173.625,150.05599999999998,124.488,114.51299999999999,106.371,108.594,0
303,121.092,91.63299999999998,79.295,27.16,2.1849999999999996,190.123,84.33899999999998,104.20599999999999,66.05099999999999,97.162,147.54399999999998,127.032,161.033,93.925,112.578,1
304,103.97099999999999,80.594,73.626,36.013999999999996,13.523,162.909,88.329,36.545,167.924,168.267,105.496,115.573,108.594,110.93100000000001,114.51299999999999,0
305,174.52599999999998,123.277,123.277,90.74699999999999,49.949999999999996,151.778,93.68699999999998,70.033,87.674,124.751,111.40400000000001,96.26199999999999,108.121,114.51299999999999,100.637,1
306,99.601,96.11699999999999,138.213,36.013999999999996,104.38399999999999,55.485,159.012,90.38099999999999,187.188,154.815,106.65899999999999,86.8,83.072,177.26899999999998,124.488,0
307,121.39099999999999,98.60099999999998,57.803999999999995,55.32,44.281,102.46499999999999,187.188,124.37899999999999,152.763,173.625,92.34899999999999,99.76199999999999,84.648,78.871,93.338,1
308,97.71499999999999,77.11,36.013999999999996,35.013999999999996,45.466,97.162,213.671,134.945,90.38099999999999,101.727,119.639,131.006,110.05599999999998,136.94799999999998,126.146,0
309,142.882,111.93900000000001,64.473,53.434,81.594,100.41299999999998,220.91299999999998,158.805,131.795,176.361,116.15999999999998,119.166,93.925,109.18100000000001,120.226,1
310,101.199,84.078,71.441,27.459,97.71499999999999,36.413,151.395,61.362,155.499,219.053,152.19799999999998,131.305,133.92000000000002,91.47399999999999,109.18100000000001,0
311,144.768,105.56899999999999,124.576,115.42299999999999,77.11,124.37899999999999,100.684,197.16699999999997,173.47199999999998,48.441,110.93100000000001,91.762,87.675,113.92599999999999,117.807,1
312,87.26299999999999,44.281,92.633,78.11,12.636999999999999,187.359,169.635,52.391999999999996,32.957,102.83699999999999,119.166,110.05599999999998,109.469,120.998,116.633,0
313,103.97099999999999,84.078,64.77199999999999,55.918,2.1849999999999996,148.81799999999998,205.0,173.09999999999997,52.391999999999996,59.568,95.08800000000001,92.34899999999999,130.234,67.035,109.469,1
314,86.26299999999999,80.29499999999999,51.836,31.942999999999998,80.29499999999999,69.57300000000001,66.445,164.847,166.05599999999998,173.09999999999997,124.488,107.83299999999998,111.991,142.00400000000002,116.633,0
315,85.07799999999999,54.32,74.62599999999999,31.942999999999998,54.32,187.359,88.329,87.645,59.568,156.75300000000001,103.561,88.55,105.496,96.55,99.76199999999999,1
316,85.07799999999999,78.11,102.085,23.975,70.142,190.648,93.00299999999999,167.583,55.485,102.97899999999998,117.807,104.90899999999999,97.425,128.576,112.578,0
317,125.87499999999999,124.576,89.448,52.434,9.153,100.232,188.85399999999998,57.774,169.635,176.361,93.925,91.762,98.599,111.40400000000001,137.72,1
318,73.626,70.142,64.473,41.096,41.982,160.857,101.78099999999999,169.57799999999997,219.053,177.04500000000002,113.339,140.16099999999997,147.54399999999998,61.079,100.34899999999999,0
319,110.053,64.473,84.078,41.096,110.053,162.542,134.945,187.359,164.163,102.97899999999998,94.213,100.637,89.137,99.474,94.8,1
320,132.43,80.29499999999999,96.416,38.498,98.60099999999998,160.857,82.28699999999999,178.389,48.804,91.262,109.469,92.751,106.958,53.193999999999996,90.59899999999999,0
321,72.327,68.256,72.74000000000001,51.836,2.1849999999999996,181.977,94.85,101.727,62.528999999999996,131.423,154.82399999999998,84.936,102.09899999999999,93.338,95.08800000000001,1
322,144.768,101.199,85.07799999999999,80.594,73.626,153.447,37.875,193.64499999999998,81.603,85.88,132.376,129.462,103.561,179.009,133.92000000000002,0
323,131.544,128.946,61.28799999999999,29.345000000000002,72.74000000000001,222.64100000000002,102.46499999999999,40.132999999999996,175.677,85.023,114.98599999999999,106.371,118.27999999999999,139.09,103.561,1
324,178.01,140.697,107.455,75.81099999999999,39.498,158.805,82.292,100.31199999999998,99.84299999999999,40.132999999999996,110.93100000000001,105.78399999999999,114.98599999999999,113.92599999999999,113.165,0
325,121.092,105.56899999999999,77.11,75.81099999999999,48.95,220.91299999999998,110.66299999999998,102.83699999999999,177.615,93.26799999999999,116.15999999999998,113.92599999999999,100.34899999999999,104.90899999999999,125.374,1
326,104.38399999999999,86.26299999999999,47.352,45.466,14.523,173.09999999999997,174.993,193.64499999999998,93.056,148.81799999999998,116.633,98.01199999999999,99.76199999999999,171.09199999999998,114.98599999999999,0
327,110.939,80.29499999999999,76.224,57.803999999999995,59.69,166.13,104.20599999999999,86.27699999999999,142.361,101.097,145.402,109.18100000000001,96.55,54.596,104.03399999999999,1
328,99.601,98.60099999999998,36.013999999999996,35.013999999999996,83.779,177.615,83.65499999999999,194.236,192.442,101.097,124.488,135.87699999999998,99.76199999999999,121.585,124.015,0
329,134.72899999999998,96.416,64.473,29.345000000000002,29.345000000000002,166.899,173.09999999999997,82.70199999999998,173.625,70.033,103.561,111.991,122.471,157.15099999999998,107.83299999999998,1
330,94.231,51.836,98.60099999999998,69.256,103.97099999999999,178.389,170.889,134.945,59.007,75.41499999999999,122.944,113.165,124.015,142.00400000000002,114.98599999999999,0
331,96.416,82.779,47.352,38.498,61.28799999999999,174.309,151.52200000000002,91.262,85.59299999999999,91.262,127.032,107.83299999999998,124.015,110.93100000000001,144.146,1
332,124.87499999999999,123.277,99.601,54.32,110.053,101.097,166.05599999999998,168.951,152.079,55.485,95.675,83.072,76.306,194.523,94.8,0
333,130.245,92.633,87.26299999999999,34.128,29.345000000000002,82.70199999999998,128.273,151.537,165.531,41.397,139.09,111.991,117.22,121.585,92.751,1
334,122.39099999999999,92.93199999999999,174.52599999999998,122.39099999999999,118.90700000000001,169.635,36.413,145.51099999999997,91.262,165.531,130.234,103.561,124.015,117.22,144.63,0
335,88.562,48.95,100.487,77.11,79.295,90.118,124.751,220.84699999999998,166.899,83.65499999999999,135.87699999999998,119.639,114.51299999999999,95.08800000000001,126.146,1
336,134.72899999999998,103.97099999999999,101.199,62.288,87.26299999999999,85.59299999999999,173.47199999999998,145.51099999999997,73.621,152.763,99.474,98.887,98.887,97.425,103.273,0
337,157.81799999999998,128.06,70.142,48.95,111.93900000000001,141.98899999999998,86.596,103.14899999999999,98.43799999999999,69.57300000000001,105.78399999999999,107.83299999999998,90.887,119.639,115.573,1
338,97.71499999999999,81.594,39.797000000000004,38.498,41.096,121.22899999999998,145.51099999999997,66.05099999999999,169.718,165.531,93.925,94.8,79.458,73.45299999999999,88.262,0
339,99.601,67.957,135.914,47.352,108.45500000000001,96.78999999999999,80.797,203.20600000000002,87.674,55.485,89.137,101.224,99.474,88.55,99.474,1
340,72.74000000000001,43.867999999999995,123.277,80.594,124.87499999999999,164.847,163.479,222.07599999999996,159.384,62.857,87.38699999999999,110.05599999999998,98.599,112.578,96.26199999999999,0
341,110.053,99.601,53.434,35.013999999999996,36.013999999999996,169.718,96.42299999999999,85.88,173.09999999999997,114.185,90.887,108.121,92.751,109.18100000000001,98.599,1
342,82.779,78.11,76.224,27.459,46.465999999999994,151.537,213.671,97.791,41.397,31.163,104.32199999999999,120.226,118.27999999999999,114.98599999999999,85.811,0
343,122.39099999999999,66.658,134.72899999999998,90.74699999999999,60.401999999999994,77.209,151.52200000000002,213.671,83.65499999999999,86.596,108.121,117.22,125.374,163.54500000000002,128.576,1
344,126.761,72.74000000000001,115.42299999999999,73.626,18.006999999999998,178.389,173.007,54.186,101.727,80.23499999999999,114.51299999999999,132.376,133.92000000000002,127.80399999999999,110.05599999999998,0
345,110.053,87.26299999999999,105.56899999999999,68.256,65.772,43.721000000000004,152.763,101.097,142.361,124.37899999999999,111.40400000000001,136.94799999999998,108.121,100.637,120.998,1
346,69.256,64.473,115.42299999999999,64.473,41.096,57.774,161.541,80.919,44.919,152.079,97.137,114.98599999999999,95.08800000000001,119.166,106.65899999999999,0
347,89.448,79.295,72.327,57.803999999999995,27.16,69.57300000000001,83.65499999999999,167.924,97.107,176.99399999999997,142.00400000000002,108.121,174.57199999999997,151.12699999999998,141.23199999999997,1
348,100.487,74.62599999999999,73.626,53.434,36.013999999999996,90.38099999999999,183.666,73.621,89.46799999999999,151.395,91.47399999999999,100.34899999999999,133.92000000000002,102.09899999999999,102.68599999999999,0
349,144.768,115.42299999999999,60.401999999999994,36.313,31.942999999999998,190.123,57.774,151.537,169.718,36.413,114.51299999999999,104.32199999999999,94.8,112.578,91.762,1
350,164.074,128.06,190.33599999999998,68.256,37.611999999999995,155.48999999999998,102.46499999999999,177.615,222.07599999999996,93.00299999999999,97.137,104.03399999999999,102.09899999999999,105.496,87.675,0
351,104.38399999999999,64.473,98.60099999999998,36.013999999999996,64.77199999999999,158.954,96.644,88.329,73.621,173.625,87.675,109.18100000000001,100.637,95.08800000000001,97.425,1
352,141.697,128.06,76.224,55.32,50.836,100.31199999999998,159.384,32.957,151.968,50.598,120.226,96.26199999999999,98.01199999999999,112.578,90.59899999999999,0
353,103.97099999999999,74.62599999999999,128.946,32.829,112.53699999999999,203.20600000000002,61.362,187.188,194.236,110.66299999999998,113.165,94.213,126.146,187.965,116.633,1
354,80.29499999999999,71.441,44.281,24.974999999999998,59.69,169.635,171.573,220.91299999999998,210.083,100.232,118.27999999999999,127.80399999999999,122.944,140.16099999999997,135.87699999999998,0
355,152.736,119.793,165.672,72.327,80.29499999999999,102.97899999999998,170.889,159.489,185.565,80.919,101.224,103.561,106.65899999999999,133.92000000000002,99.76199999999999,1
356,60.401999999999994,54.32,53.434,45.466,46.465999999999994,84.086,151.778,87.674,176.595,160.748,91.47399999999999,94.213,82.197,74.442,86.8,0
357,121.39099999999999,117.907,39.498,39.498,31.942999999999998,156.75300000000001,102.97899999999998,172.257,98.43799999999999,36.545,89.137,106.65899999999999,102.09899999999999,80.91999999999999,116.15999999999998,1
358,112.53699999999999,103.97099999999999,84.078,36.013999999999996,105.56899999999999,87.645,162.90599999999998,34.663,170.31900000000002,102.46499999999999,97.425,103.561,95.08800000000001,169.83599999999998,102.68599999999999,0
359,157.106,138.213,67.957,61.28799999999999,72.74000000000001,32.913,54.186,157.437,213.671,188.85399999999998,124.488,113.339,119.166,136.94799999999998,123.243,1
360,117.021,104.38399999999999,165.672,32.829,65.772,152.34,62.528999999999996,117.33499999999998,201.412,79.55199999999999,93.338,108.121,88.262,106.65899999999999,121.585,0
361,104.38399999999999,75.81099999999999,41.982,28.459,56.918,86.27699999999999,166.428,88.329,155.366,157.16,82.78399999999999,110.93100000000001,98.887,103.273,122.471,1
362,111.93900000000001,78.11,55.918,36.013999999999996,96.416,161.541,89.46799999999999,43.721000000000004,89.69699999999999,107.356,98.887,104.03399999999999,108.121,90.887,103.273,0
363,126.761,73.626,55.32,44.281,106.56899999999999,170.31900000000002,51.962999999999994,90.38099999999999,190.648,86.27699999999999,105.496,96.55,93.925,127.032,102.09899999999999,1
364,78.11,74.62599999999999,47.765,39.797000000000004,61.28799999999999,80.919,169.95,158.954,148.81799999999998,134.945,133.92000000000002,144.63,125.374,112.578,116.633,0
365,99.601,76.224,92.93199999999999,52.434,37.611999999999995,83.074,61.362,211.255,99.84299999999999,172.257,136.94799999999998,114.51299999999999,136.94799999999998,130.234,112.578,1
366,104.38399999999999,90.74699999999999,99.601,45.466,132.84300000000002,173.09999999999997,103.14899999999999,99.15899999999999,164.163,170.31900000000002,116.633,133.148,84.648,127.80399999999999,113.92599999999999,0
367,126.761,90.74699999999999,157.81799999999998,26.16,83.779,180.144,185.565,57.774,168.951,160.173,121.585,137.72,109.18100000000001,188.748,124.015,1
368,130.245,121.39099999999999,97.71499999999999,73.626,85.07799999999999,81.603,168.267,158.121,148.81799999999998,85.88,97.425,98.599,109.469,159.66299999999998,101.224,0
369,90.74699999999999,86.26299999999999,64.473,41.096,78.11,55.980000000000004,101.78099999999999,55.485,104.20599999999999,210.083,111.40400000000001,103.561,97.137,43.309,98.01199999999999,1
370,112.53699999999999,111.93900000000001,30.643999999999995,23.975,59.69,211.877,110.66299999999998,89.46799999999999,151.537,168.951,109.18100000000001,106.958,190.374,112.578,99.474,0
371,121.092,118.90700000000001,111.93900000000001,87.26299999999999,27.459,155.366,176.99399999999997,110.87799999999999,88.329,73.621,97.425,105.78399999999999,168.096,106.958,116.633,1
372,106.56899999999999,76.224,39.797000000000004,35.013999999999996,62.288,205.0,50.598,176.361,168.267,89.01299999999999,119.166,124.488,157.15099999999998,81.322,114.51299999999999,0
373,117.907,98.60099999999998,112.53699999999999,59.69,50.836,162.909,88.329,101.097,93.26799999999999,171.213,153.269,119.166,132.376,124.488,127.80399999999999,1
374,129.35899999999998,90.74699999999999,88.14899999999999,36.013999999999996,69.256,163.479,89.69699999999999,89.46799999999999,68.239,148.81799999999998,114.51299999999999,124.488,129.462,157.15099999999998,114.51299999999999,0
375,131.544,126.761,64.77199999999999,45.466,54.32,86.27699999999999,156.183,120.85699999999999,59.007,97.107,106.958,121.585,66.334,126.146,121.585,1
376,73.626,41.982,74.62599999999999,51.836,53.434,165.531,94.371,134.945,171.213,135.317,96.26199999999999,89.137,106.958,190.374,112.578,0
377,112.53699999999999,97.71499999999999,58.804,45.466,38.498,114.185,217.25900000000001,87.674,48.804,171.573,102.68599999999999,106.958,114.51299999999999,99.474,100.637,1
378,125.87499999999999,113.53699999999999,98.60099999999998,51.836,81.594,222.64100000000002,51.962999999999994,77.209,151.395,173.007,89.425,86.8,84.936,143.07500000000002,86.8,0
379,108.45500000000001,107.455,110.939,58.804,18.006999999999998,66.05099999999999,173.625,92.43299999999999,151.778,160.748,127.032,119.166,131.006,128.576,146.47299999999998,1
380,108.45500000000001,106.56899999999999,70.142,62.288,80.29499999999999,91.262,151.395,207.733,107.72800000000001,32.913,104.90899999999999,108.121,96.26199999999999,107.246,101.224,0
381,153.035,98.60099999999998,94.231,55.918,115.42299999999999,178.389,99.84299999999999,96.42299999999999,138.839,48.804,111.40400000000001,119.639,131.305,128.576,122.471,1
382,149.25199999999998,116.60799999999999,144.768,102.085,19.192,103.121,201.412,131.795,86.27699999999999,155.366,111.40400000000001,107.83299999999998,76.306,107.83299999999998,113.339,0
383,132.84300000000002,126.761,97.71499999999999,96.11699999999999,84.078,94.85,177.04500000000002,131.423,193.64499999999998,73.095,146.47299999999998,113.165,120.226,127.032,138.791,1
384,91.63299999999998,51.836,53.434,28.459,39.797000000000004,153.447,85.59299999999999,100.41299999999998,76.03,41.927,108.594,116.15999999999998,127.80399999999999,105.496,111.991,0
385,133.72899999999998,124.576,138.213,74.62599999999999,55.32,172.941,185.565,97.107,219.053,164.163,99.76199999999999,99.474,105.496,88.55,114.51299999999999,1
386,78.11,64.473,89.448,42.98199999999999,11.338,173.007,45.216,94.85,220.91299999999998,152.34,92.751,112.578,104.32199999999999,114.51299999999999,114.51299999999999,0
387,117.021,63.174,110.053,28.459,16.121,214.777,32.913,86.596,176.99399999999997,178.389,99.474,88.262,110.643,126.146,85.811,1
388,145.181,96.11699999999999,117.021,47.352,31.942999999999998,176.595,48.441,88.329,151.52200000000002,154.131,122.944,114.98599999999999,104.90899999999999,108.121,146.47299999999998,0
389,136.914,115.42299999999999,124.576,97.71499999999999,51.836,101.097,90.118,40.132999999999996,89.01299999999999,162.542,93.925,93.338,94.8,86.8,91.762,1
390,105.56899999999999,94.231,84.078,39.797000000000004,35.013999999999996,76.24499999999999,164.847,164.336,32.957,98.475,110.643,88.262,95.675,113.92599999999999,104.32199999999999,0
391,89.448,84.078,49.949999999999996,39.498,9.153,178.389,47.01,158.805,176.62199999999999,153.447,101.224,86.8,103.273,94.213,114.51299999999999,1
392,91.63299999999998,82.779,55.918,54.32,94.231,162.90599999999998,80.23499999999999,151.52200000000002,69.57300000000001,183.77100000000002,124.488,120.998,78.469,137.72,121.585,0
393,81.594,64.473,108.45500000000001,39.797000000000004,67.957,36.413,166.899,107.356,204.21099999999998,90.118,101.81099999999999,99.76199999999999,90.012,95.08800000000001,93.925,1
394,123.277,100.487,117.021,105.56899999999999,80.29499999999999,31.163,187.359,151.537,155.48999999999998,100.41299999999998,107.83299999999998,90.59899999999999,93.925,167.025,101.224,0
395,119.793,99.601,68.256,36.013999999999996,38.498,102.46499999999999,218.86399999999998,211.255,173.47199999999998,161.541,112.578,106.958,119.166,119.166,129.462,1
396,181.49399999999997,123.277,28.459,23.676,77.11,97.791,166.215,192.442,85.88,157.16,114.98599999999999,99.76199999999999,76.306,111.40400000000001,103.273,0
397,80.29499999999999,74.62599999999999,73.626,66.658,65.772,102.46499999999999,151.395,79.55099999999999,222.07599999999996,37.875,87.675,87.675,96.26199999999999,98.599,90.887,1
398,137.213,137.213,41.096,31.942999999999998,37.611999999999995,157.16,71.827,101.78099999999999,127.90099999999998,176.595,94.8,89.137,113.92599999999999,84.061,129.462,0
399,156.22,133.72899999999998,115.42299999999999,55.918,67.957,93.63999999999999,190.123,199.618,177.615,84.33899999999998,87.38699999999999,96.55,102.09899999999999,115.573,111.991,1
